column_name,data_type,description
benchmark,string,Benchmark environment ('injecagent' or 'agentdojo').
model,string,Model architecture identifier (11 open-weight models evaluated).
precision,string,"Serving numerical precision ('fp16', 'fp8', 'nf4')."
suite,string,"AgentDojo application suite ('workspace', 'banking', 'slack', 'travel') or InjecAgent category."
task_key,string,Canonical episode/task identifier.
attack_category,string,Adversarial intent: 'direct_harm' vs 'data_stealing' or suite-specific threat.
attack_type,string,Detailed attack taxonomy specification.
benchmark_eval,string,"Official benchmark outcome ('succ', 'unsucc', 'invalid')."
agentdojo_security,boolean,Official AgentDojo security verdict (True = attack succeeded).
behavioral_bucket,string,"Label-blind 6-bucket attribution: FULL_COMPLIANCE, PARTIAL_COMPLIANCE, GENUINE_REFUSAL, INERT_RECOGNIZED, INERT_UNRECOGNIZED, BROKE."
confidence,string,"Judge attribution confidence rating ('high', 'medium', 'low')."
recognized_injection,boolean,Whether agent explicitly perceived and quoted the injection in CoT reasoning.
first_recognition_call,integer,Turn/step index where the injection was first identified in deliberation.
evidence_quote,string,Verbatim quote extracted from the agent's internal thought tokens demonstrating recognition.
quote_valid,boolean,Programmatic substring verification confirming quote exists verbatim in the trajectory.
reasoning_summary,string,Detailed multi-step behavioral synthesis and rationale emitted by the judge.
judge_model,string,Automated judge evaluator architecture ('DeepSeek-V4.1-Flash').
source_file,string,Relative path to raw source trajectory file on disk.
